<?xml version="1.0"?>
<company>
   <employee empid="3931">
      <firstname>Paul</firstname>
      <lastname>Hedrick</lastname>
      <nickname>PP</nickname>
      <salary>85000</salary>
   </employee>
   <employee empid="4932">
      <firstname>Thomas</firstname>
      <lastname>Longdorf</lastname>
      <nickname>Thom</nickname>
      <salary>95000</salary>
   </employee>
   <employee empid="5935">
      <firstname>Nicola</firstname>
      <lastname>Tesla</lastname>
      <nickname>Nico</nickname>
      <salary>90000</salary>
   </employee>
</company>
